<?xml version="1.0" encoding="UTF-8"?>
<beans xmlns="http://www.springframework.org/schema/beans"
	xmlns:xsi="http://www.w3.org/2001/XMLSchema-instance"
	xsi:schemaLocation="http://www.springframework.org/schema/beans https://www.springframework.org/schema/beans/spring-beans.xsd">
	
	<!-- Root Context: defines shared resources visible to all other web components -->
			<!-- For Pagination Tag -->	 
			
	<bean id="imageRenderer" class="com.poseidon.util.ImagePaginationRenderer"/>
	<bean id="imageRenderer2" class="com.poseidon.util.ImagePaginationRenderer2"/>
 
	<bean id="textRenderer" class="egovframework.rte.ptl.mvc.tags.ui.pagination.DefaultPaginationRenderer"/>
 
	<bean id="paginationManager" class="egovframework.rte.ptl.mvc.tags.ui.pagination.DefaultPaginationManager">
		<property name="rendererType">
			<map>
				<entry key="image" value-ref="imageRenderer"/>
				<entry key="image_admin" value-ref="imageRenderer2"/>
				<entry key="text" value-ref="textRenderer"/>
			</map>
		</property>
	</bean>
	
</beans>
