<?xml version="1.0" encoding="UTF-8"?>
<!DOCTYPE mapper
  PUBLIC "-//mybatis.org//DTD Mapper 3.0//EN"
  "http://mybatis.org/dtd/mybatis-3-mapper.dtd">

<mapper namespace="test">

	<select id="boardList" parameterType="hashMap" resultType="testDTO"> 
	  SELECT ROW_NUMBER() OVER(ORDER BY sb_no ASC) AS sb_nno, 
      sb_no, sb_cate, sc_category, sm_no, sb_title, sb_content, sb_date, sb_count, sb_del, sb_file, sm_id, sm_name 
      FROM sbboardview WHERE sb_cate=#{sb_cate} LIMIT #{startPage}, #{lastPage}	
     </select>

	<select id="totalList" resultType="Integer"> 
		SELECT COUNT(*) FROM sbboardview WHERE sb_cate=#{sb_cate} AND sc_visible=1 LIMIT 1
	</select>

	<select id="getCategory" resultType="String">
		SELECT sc_category FROM scategory WHERE sc_no=#{sc_cate} AND sc_visible=1
	</select>
	
	<insert id="write" parameterType="TestDTO">
		INSERT INTO sboard(sb_title, sb_content, sm_no, sb_cate 
		<if test="sb_file !=null">,sb_file, sb_orifile</if>) 		
		VALUES (#{sb_title}, #{sb_content}, 
		(SELECT sm_no FROM smember WHERE sm_id=#{sm_id}),#{sb_cate}
		<if test="sb_file !=null">,#{sb_file}, #{sb_orifile}</if>
		)	
	</insert>

	<select id="detail" parameterType="integer" resultType="TestDTO"> 
		SELECT * FROM sbboardview WHERE sb_no=#{sb_no }
	</select>
	
	<update id="delete">
		UPDATE sboard SET sb_del=1 WHERE sb_no=#{sb_no}
	</update>
	
	<update id="update" parameterType="TestDTO">
		UPDATE sboard SET sb_title=#{sb_title}, sb_content=#{sb_content}
		WHERE sb_no=#{sb_no}
	</update>
	
	<select id="categoryList" resultType="hashMap"> 
		SELECT sc_no, sc_category, sc_date FROM scategory WHERE sc_visible=1
	</select>
	
	<update id="countUp">
		UPDATE sboard SET sb_count=sb_count+1 WHERE sb_no=#{sb_no}
	</update>
	
	<insert id="likeUp" >
		<![CDATA[
		INSERT INTO slike (sb_no, sm_no) VALUES(#{sb_no}, (SELECT sm_no FROM smember WHERE sm_id=#{sm_id}))
		]]>
	</insert>
	
	<select id="exist" resultType="Integer"> 
		<![CDATA[
		SELECT COUNT(*) FROM slike WHERE sb_no= #{sb_no} 
		AND sm_no = (SELECT sm_no FROM smember WHERE sm_id=#{sm_id}) LIMIT 1
		]]>
	</select>

</mapper>
